{
    "transforms": {
        "custom_1769436188285": {
            "x": 0,
            "y": 0,
            "scale": 2.682692307692308,
            "rotation": 0
        },
        "custom_1769762735942": {
            "x": -95.45205107188467,
            "y": -6.3084985190248375,
            "scale": 1.0826923076923094,
            "rotation": 0
        },
        "p1": {
            "x": -95.559494070484,
            "y": -12.310519051719844,
            "scale": 3.1326923076923063,
            "rotation": 0
        },
        "p2": {
            "x": 0,
            "y": 0,
            "scale": 2.682692307692308,
            "rotation": 0
        },
        "p3": {
            "x": 0,
            "y": 0,
            "scale": 1.7437500000000001,
            "rotation": 0
        },
        "p4": {
            "x": 0,
            "y": 0,
            "scale": 3.577283653846154,
            "rotation": 0
        },
        "p5": {
            "x": 0,
            "y": 0,
            "scale": 2.682692307692308,
            "rotation": 0
        },
        "p6": {
            "x": 0,
            "y": 0,
            "scale": 3.794711538461539,
            "rotation": 0
        },
        "custom_1769436190758": {
            "x": 0,
            "y": 0,
            "scale": 2.682692307692308,
            "rotation": 0
        }
    },
    "productTransforms": {
        "custom_1769436188285": {
            "x": -18.74569262577533,
            "y": -302.1364576154377,
            "scale": 0.7826923076923091,
            "rotation": 0
        },
        "custom_1769762735942": {
            "x": 0,
            "y": 0,
            "scale": 2.682692307692308,
            "rotation": 0
        },
        "p1": {
            "x": 0,
            "y": 0,
            "scale": 2.682692307692308,
            "rotation": 0
        },
        "p2": {
            "x": 0,
            "y": 0,
            "scale": 2.682692307692308,
            "rotation": 0
        },
        "p3": {
            "x": 0,
            "y": 0,
            "scale": 1.7437500000000001,
            "rotation": 0
        },
        "p4": {
            "x": 0,
            "y": 0,
            "scale": 3.577283653846154,
            "rotation": 0
        },
        "p5": {
            "x": 0,
            "y": 0,
            "scale": 2.682692307692308,
            "rotation": 0
        },
        "p6": {
            "x": 0,
            "y": 0,
            "scale": 3.794711538461539,
            "rotation": 0
        },
        "custom_1769436190758": {
            "x": 0,
            "y": 0,
            "scale": 2.682692307692308,
            "rotation": 0
        }
    },
    "lastModified": 1769762768197
}