{
    "transforms": {
        "custom_1769436188285": {
            "x": 0,
            "y": 0,
            "scale": 2.666554054054054,
            "rotation": 0
        },
        "custom_1769762735942": {
            "x": 9.589648049849313,
            "y": -141.44730873527737,
            "scale": 2.666554054054054,
            "rotation": 0
        },
        "p1": {
            "x": 60.74869782858689,
            "y": 60.754066985645935,
            "scale": 3.316554054054052,
            "rotation": 0
        }
    },
    "productTransforms": {
        "custom_1769436188285": {
            "x": 124.67532467532467,
            "y": -362.3376623376623,
            "scale": 1.0165540540540556,
            "rotation": 0
        },
        "custom_1769762735942": {
            "x": 0,
            "y": 0,
            "scale": 2.666554054054054,
            "rotation": 0
        },
        "p1": {
            "x": 0,
            "y": 0,
            "scale": 2.666554054054054,
            "rotation": 0
        }
    },
    "lastModified": 1769889442780
}