{
    "transforms": {
        "custom_1769436188285": {
            "x": 0,
            "y": 0,
            "scale": 0.6757705479452055,
            "rotation": 0
        },
        "custom_1769762735942": {
            "x": 58.343057176196034,
            "y": 147.024504084014,
            "scale": 0.6757705479452055,
            "rotation": 0
        }
    },
    "productTransforms": {
        "custom_1769436188285": {
            "x": 0,
            "y": 0,
            "scale": 0.6757705479452055,
            "rotation": 0
        },
        "custom_1769762735942": {
            "x": 0,
            "y": 0,
            "scale": 0.6757705479452055,
            "rotation": 0
        }
    },
    "lastModified": 1769764866222
}