{
    "transforms": {
        "custom_1769523582478": {
            "x": 0,
            "y": 50,
            "scale": 0.5,
            "rotation": 0
        },
        "copy_1769557484868": {
            "x": 0,
            "y": 0,
            "scale": 0.34974093264248707,
            "rotation": 0
        },
        "p1": {
            "x": 264.35125497832666,
            "y": 1794.1781680002532,
            "scale": 2.050000000000001,
            "rotation": 0
        },
        "p2": {
            "x": 226.89656781135162,
            "y": 3193.873492448696,
            "scale": 2.8499999999999983,
            "rotation": 0
        },
        "p5": {
            "x": 404.6794664350588,
            "y": 2932.704070758572,
            "scale": 2.599999999999999,
            "rotation": 0
        },
        "copy_1769542718978": {
            "x": 64.90427492501716,
            "y": 827.5540561263609,
            "scale": 1.3632124352331605,
            "rotation": 0
        },
        "copy_1769542846026": {
            "x": 1561.6759324798793,
            "y": -179.36967830922137,
            "scale": 2.1632124352331603,
            "rotation": -90
        },
        "p6": {
            "x": 422.13547723252066,
            "y": 4030.3416799456977,
            "scale": 3.6499999999999955,
            "rotation": 0
        },
        "p3": {
            "x": 0,
            "y": 0,
            "scale": 0.7500000000000002,
            "rotation": 0
        },
        "p4": {
            "x": -1158.1503162692022,
            "y": 301.12991134945827,
            "scale": 1.5000000000000009,
            "rotation": 0
        },
        "copy_1769541340929": {
            "x": 185.24092409240924,
            "y": 1155.578280442394,
            "scale": 1.700000000000001,
            "rotation": 0
        },
        "copy_1769541381404": {
            "x": -112.27157001414427,
            "y": 2158.1694726898927,
            "scale": 2.649999999999999,
            "rotation": 0
        },
        "custom_1769523622628_0": {
            "x": 0,
            "y": 0,
            "scale": 0.5,
            "rotation": 0
        }
    },
    "productTransforms": {
        "custom_1769523582478": {
            "x": 66.60884648742412,
            "y": 457.9358196010408,
            "scale": 0.45,
            "rotation": -5
        },
        "copy_1769557484868": {
            "x": 91.5866373894681,
            "y": 470.4249219029153,
            "scale": 0.45,
            "rotation": -5
        },
        "p1": {
            "x": 0,
            "y": 0,
            "scale": 0.5,
            "rotation": 0
        },
        "p2": {
            "x": 0,
            "y": 0,
            "scale": 0.5,
            "rotation": 0
        },
        "p5": {
            "x": 0,
            "y": 0,
            "scale": 0.5,
            "rotation": 0
        },
        "copy_1769542718978": {
            "x": 0,
            "y": 0,
            "scale": 1.3632124352331605,
            "rotation": 0
        },
        "copy_1769542846026": {
            "x": 0,
            "y": 0,
            "scale": 1.3632124352331605,
            "rotation": 0
        },
        "p6": {
            "x": 0,
            "y": 0,
            "scale": 0.5,
            "rotation": 0
        },
        "p3": {
            "x": 0,
            "y": 0,
            "scale": 0.5,
            "rotation": 0
        },
        "p4": {
            "x": 0,
            "y": 0,
            "scale": 0.5,
            "rotation": 0
        },
        "copy_1769541340929": {
            "x": 0,
            "y": 0,
            "scale": 1.9278497409326427,
            "rotation": 0
        },
        "copy_1769541381404": {
            "x": 0,
            "y": 0,
            "scale": 1.9278497409326427,
            "rotation": 0
        },
        "custom_1769523622628_0": {
            "x": 0,
            "y": 0,
            "scale": 0.5,
            "rotation": 0
        }
    },
    "lastModified": 1769674883107
}