{
    "авп": {
        "x": -104.15572265285215,
        "y": 60.75905063983375,
        "scale": 3.1326923076923063,
        "rotation": 0
    }
}